{
  "num_positions": 1000000,
  "num_train": 900000,
  "num_val": 100000,
  "num_params": 96,
  "initial_train_mse": 0.14924558017906336,
  "initial_val_mse": 0.14867962871838755,
  "best_train_mse": 0.14866673796579954,
  "best_val_mse": 0.14812629999737298,
  "best_iter": 25,
  "k_method": "golden_section_search_baseline_static_eval",
  "k_search": {
    "k_min": 0.0001,
    "k_max": 0.02,
    "iters": 60
  },
  "k": 0.006520489091022979,
  "scales": {
    "table_pawn_mg": 0.9332396367842767,
    "table_pawn_eg": 1.1123081516468318,
    "table_knight_mg": 0.9008283986754476,
    "table_knight_eg": 1.0789113665251033,
    "table_bishop_mg": 0.893649949566344,
    "table_bishop_eg": 1.0295524943076972,
    "table_rook_mg": 0.873639328878754,
    "table_rook_eg": 1.0960691775233256,
    "table_queen_mg": 0.9731349085907955,
    "table_queen_eg": 1.0637060456969791,
    "table_king_mg": 1.0046661591750328,
    "table_king_eg": 1.0264278704536272,
    "bishop_pair_mg": 1.009697777463153,
    "bishop_pair_eg": 1.0315400187592378,
    "tempo_mg": 1.000425973098938,
    "tempo_eg": 1.0019337487189275,
    "doubled_mg": 1.0060808838261006,
    "doubled_eg": 0.9990350440044582,
    "isolated_mg": 1.000958428032219,
    "isolated_eg": 0.9996659739088809,
    "rook_open_mg": 1.00334727889041,
    "rook_open_eg": 0.9982592246128871,
    "rook_semiopen_mg": 1.0042772978968293,
    "rook_semiopen_eg": 0.9993309237750608,
    "shield_mg": 0.9944845950183604,
    "shield_eg": 1.0,
    "connected_mg_r2": 1.0,
    "connected_eg_r2": 1.0,
    "connected_mg_r3": 0.9923625755315315,
    "connected_eg_r3": 1.0009218708315484,
    "connected_mg_r4": 1.0064565981799407,
    "connected_eg_r4": 0.9975520346445114,
    "connected_mg_r5": 0.9985677242950615,
    "connected_eg_r5": 0.9978116069178906,
    "connected_mg_r6": 0.9969125687751714,
    "connected_eg_r6": 1.0018644608755796,
    "connected_mg_r7": 1.0,
    "connected_eg_r7": 1.0,
    "passed_mg_r2": 1.0,
    "passed_eg_r2": 0.997773056759494,
    "passed_mg_r3": 1.0,
    "passed_eg_r3": 1.0072470916001903,
    "passed_mg_r4": 1.0,
    "passed_eg_r4": 1.0215506578557196,
    "passed_mg_r5": 0.9979454168027091,
    "passed_eg_r5": 0.9977301463247567,
    "passed_mg_r6": 0.9962760569664638,
    "passed_eg_r6": 0.9724585095070784,
    "passed_mg_r7": 1.0,
    "passed_eg_r7": 1.0,
    "knight_mob_mg_0": 0.9983883064672948,
    "knight_mob_eg_0": 0.997960656307404,
    "knight_mob_mg_1": 1.0015227124104011,
    "knight_mob_eg_1": 0.9978780662856644,
    "knight_mob_mg_2": 1.0018127654274134,
    "knight_mob_eg_2": 1.0011704041892215,
    "knight_mob_mg_3": 1.0,
    "knight_mob_eg_3": 1.0016282005135015,
    "knight_mob_mg_4": 1.0026221958020722,
    "knight_mob_eg_4": 0.9996611360983224,
    "knight_mob_mg_5": 0.9982857404509919,
    "knight_mob_eg_5": 1.0019931814365683,
    "knight_mob_mg_6": 0.997307714634737,
    "knight_mob_eg_6": 1.001749464319359,
    "knight_mob_mg_7": 0.9990954368922309,
    "knight_mob_eg_7": 0.999277686602859,
    "knight_mob_mg_8": 0.9984965390409564,
    "knight_mob_eg_8": 1.00220244384858,
    "bishop_mob_mg_0": 0.9987293854494075,
    "bishop_mob_eg_0": 0.998049512429307,
    "bishop_mob_mg_1": 1.0013552854575256,
    "bishop_mob_eg_1": 0.9981254848592588,
    "bishop_mob_mg_2": 0.9976165743807202,
    "bishop_mob_eg_2": 0.9981938748319653,
    "bishop_mob_mg_3": 0.9989524819024701,
    "bishop_mob_eg_3": 1.0017830918860653,
    "bishop_mob_mg_4": 1.004608662956516,
    "bishop_mob_eg_4": 1.000700837309177,
    "bishop_mob_mg_5": 1.0047696839181228,
    "bishop_mob_eg_5": 1.0000591100809428,
    "bishop_mob_mg_6": 0.9979627074211094,
    "bishop_mob_eg_6": 1.0050826846653171,
    "bishop_mob_mg_7": 0.9991569587337982,
    "bishop_mob_eg_7": 1.0003792991975373,
    "bishop_mob_mg_8": 1.0012971298847235,
    "bishop_mob_eg_8": 1.001312798227331,
    "bishop_mob_mg_9": 1.0015739786209932,
    "bishop_mob_eg_9": 1.0016182126260853,
    "bishop_mob_mg_10": 1.0016676673289424,
    "bishop_mob_eg_10": 1.001832253904088,
    "bishop_mob_mg_11": 1.0027693471193084,
    "bishop_mob_eg_11": 1.0018760750037266,
    "bishop_mob_mg_12": 0.9976815879422977,
    "bishop_mob_eg_12": 1.0020540326969594,
    "bishop_mob_mg_13": 0.9980024881323584,
    "bishop_mob_eg_13": 0.9980652072041142
  },
  "dataset": "chess/engine/tuning/data/texel_positions_1m.csv",
  "eval_c": "chess/engine/src/eval.c",
  "param_order": [
    "table_pawn_mg",
    "table_pawn_eg",
    "table_knight_mg",
    "table_knight_eg",
    "table_bishop_mg",
    "table_bishop_eg",
    "table_rook_mg",
    "table_rook_eg",
    "table_queen_mg",
    "table_queen_eg",
    "table_king_mg",
    "table_king_eg",
    "bishop_pair_mg",
    "bishop_pair_eg",
    "tempo_mg",
    "tempo_eg",
    "doubled_mg",
    "doubled_eg",
    "isolated_mg",
    "isolated_eg",
    "rook_open_mg",
    "rook_open_eg",
    "rook_semiopen_mg",
    "rook_semiopen_eg",
    "shield_mg",
    "shield_eg",
    "connected_mg_r2",
    "connected_eg_r2",
    "connected_mg_r3",
    "connected_eg_r3",
    "connected_mg_r4",
    "connected_eg_r4",
    "connected_mg_r5",
    "connected_eg_r5",
    "connected_mg_r6",
    "connected_eg_r6",
    "connected_mg_r7",
    "connected_eg_r7",
    "passed_mg_r2",
    "passed_eg_r2",
    "passed_mg_r3",
    "passed_eg_r3",
    "passed_mg_r4",
    "passed_eg_r4",
    "passed_mg_r5",
    "passed_eg_r5",
    "passed_mg_r6",
    "passed_eg_r6",
    "passed_mg_r7",
    "passed_eg_r7",
    "knight_mob_mg_0",
    "knight_mob_eg_0",
    "knight_mob_mg_1",
    "knight_mob_eg_1",
    "knight_mob_mg_2",
    "knight_mob_eg_2",
    "knight_mob_mg_3",
    "knight_mob_eg_3",
    "knight_mob_mg_4",
    "knight_mob_eg_4",
    "knight_mob_mg_5",
    "knight_mob_eg_5",
    "knight_mob_mg_6",
    "knight_mob_eg_6",
    "knight_mob_mg_7",
    "knight_mob_eg_7",
    "knight_mob_mg_8",
    "knight_mob_eg_8",
    "bishop_mob_mg_0",
    "bishop_mob_eg_0",
    "bishop_mob_mg_1",
    "bishop_mob_eg_1",
    "bishop_mob_mg_2",
    "bishop_mob_eg_2",
    "bishop_mob_mg_3",
    "bishop_mob_eg_3",
    "bishop_mob_mg_4",
    "bishop_mob_eg_4",
    "bishop_mob_mg_5",
    "bishop_mob_eg_5",
    "bishop_mob_mg_6",
    "bishop_mob_eg_6",
    "bishop_mob_mg_7",
    "bishop_mob_eg_7",
    "bishop_mob_mg_8",
    "bishop_mob_eg_8",
    "bishop_mob_mg_9",
    "bishop_mob_eg_9",
    "bishop_mob_mg_10",
    "bishop_mob_eg_10",
    "bishop_mob_mg_11",
    "bishop_mob_eg_11",
    "bishop_mob_mg_12",
    "bishop_mob_eg_12",
    "bishop_mob_mg_13",
    "bishop_mob_eg_13"
  ],
  "base_values": {
    "table_pawn_mg": 1,
    "table_pawn_eg": 1,
    "table_knight_mg": 1,
    "table_knight_eg": 1,
    "table_bishop_mg": 1,
    "table_bishop_eg": 1,
    "table_rook_mg": 1,
    "table_rook_eg": 1,
    "table_queen_mg": 1,
    "table_queen_eg": 1,
    "table_king_mg": 1,
    "table_king_eg": 1,
    "bishop_pair_mg": 19,
    "bishop_pair_eg": 56,
    "tempo_mg": 10,
    "tempo_eg": 9,
    "doubled_mg": 12,
    "doubled_eg": 3,
    "isolated_mg": 12,
    "isolated_eg": 17,
    "rook_open_mg": 38,
    "rook_open_eg": 24,
    "rook_semiopen_mg": 23,
    "rook_semiopen_eg": 11,
    "shield_mg": 6,
    "shield_eg": 0,
    "connected_mg_r2": 0,
    "connected_eg_r2": 0,
    "connected_mg_r3": 9,
    "connected_eg_r3": 9,
    "connected_mg_r4": 10,
    "connected_eg_r4": 10,
    "connected_mg_r5": 16,
    "connected_eg_r5": 16,
    "connected_mg_r6": 39,
    "connected_eg_r6": 39,
    "connected_mg_r7": 65,
    "connected_eg_r7": 65,
    "passed_mg_r2": 0,
    "passed_eg_r2": 13,
    "passed_mg_r3": 0,
    "passed_eg_r3": 27,
    "passed_mg_r4": 0,
    "passed_eg_r4": 40,
    "passed_mg_r5": 7,
    "passed_eg_r5": 67,
    "passed_mg_r6": 43,
    "passed_eg_r6": 135,
    "passed_mg_r7": 85,
    "passed_eg_r7": 229,
    "knight_mob_mg_0": -19,
    "knight_mob_eg_0": -61,
    "knight_mob_mg_1": -13,
    "knight_mob_eg_1": -43,
    "knight_mob_mg_2": -6,
    "knight_mob_eg_2": -24,
    "knight_mob_mg_3": 0,